Date,Close/Last,Volume,Open,High,Low
12/12/2023,63.90,2938045,61.85,63.97,61.81
12/11/2023,62.65,3585240,60.44,62.69,60.15
12/08/2023,61.11,3305501,59.24,61.25,58.917
12/07/2023,59.60,3025406,58.20,59.91,57.9812
12/06/2023,57.54,4596991,60.15,60.41,57.45
12/05/2023,59.07,4278947,57.05,59.295,57.05
12/04/2023,58.08,3924695,58.44,58.44,56.11
12/01/2023,60.25,5299695,59.34,60.5995,58.54
11/30/2023,59.82,4198131,60.34,60.63,58.41
11/29/2023,59.75,3772220,60.79,61.63,59.59
11/28/2023,59.56,3347694,58.63,60.05,58.63
11/27/2023,59.23,2877649,59.03,60.28,58.71
11/24/2023,59.28,1883393,59.31,59.47,58.61
11/22/2023,59.68,4005947,60.13,61.19,59.19
11/21/2023,58.92,3334828,59.61,59.84,58.28
11/20/2023,60.48,4322938,58.03,60.88,58.03
11/17/2023,57.92,4555808,57.81,58.5878,57.17
11/16/2023,58.33,4068608,57.13,58.52,56.80
11/15/2023,57.48,3688760,57.99,58.30,56.84
11/14/2023,57.30,5355678,56.49,57.72,56.01
11/13/2023,54.04,4328672,54.33,54.49,53.37
11/10/2023,55.00,4982322,52.15,55.15,51.83
11/09/2023,51.10,5542550,51.99,53.19,50.87
11/08/2023,51.86,3872096,51.46,52.12,50.81
11/07/2023,51.04,4029560,49.75,51.44,49.56
11/06/2023,49.39,2898482,48.55,49.44,48.20
11/03/2023,48.43,5087203,47.10,49.04,46.575
11/02/2023,47.08,5181179,46.085,47.17,45.80
11/01/2023,44.80,5333542,42.59,44.98,42.59
10/31/2023,42.36,5291486,41.51,42.475,40.56
10/30/2023,41.47,4539503,40.8999,41.9202,40.47
10/27/2023,40.18,3589050,40.25,41.41,39.69
10/26/2023,39.55,7115191,42.19,42.72,39.02
10/25/2023,42.03,5072236,44.05,44.32,41.63
10/24/2023,43.55,4410277,43.15,43.73,42.16
10/23/2023,42.67,5520647,41.74,43.98,41.03
10/20/2023,42.53,5622574,44.80,44.84,42.42
10/19/2023,44.88,8438533,46.19,47.12,44.63
10/18/2023,45.62,5248386,46.11,47.29,45.10
10/17/2023,47.17,4633407,46.00,47.90,45.00
10/16/2023,47.85,2764751,46.76,48.47,46.72
10/13/2023,46.50,4038755,48.76,49.11,46.00
10/12/2023,48.58,4773816,48.90,50.12,47.53
10/11/2023,48.50,3325079,47.781,48.58,47.20
10/10/2023,47.26,3670179,47.13,48.38,46.73
10/09/2023,47.05,3252693,45.53,47.25,44.83
10/06/2023,46.35,5346141,42.99,46.9101,42.60
10/05/2023,43.92,4209479,43.75,44.12,42.35
10/04/2023,43.75,4736351,42.37,44.11,42.37
10/03/2023,42.20,4617111,43.64,44.60,41.53
10/02/2023,44.52,3356409,43.13,44.86,42.9693
09/29/2023,43.09,5266283,43.94,44.63,42.68
09/28/2023,42.71,3458350,41.16,43.50,40.64
09/27/2023,41.86,2723595,42.17,42.51,40.61
09/26/2023,41.68,2850421,43.21,43.24,41.22
09/25/2023,44.11,1480782,43.20,44.25,42.99
09/22/2023,43.64,2273239,44.00,44.85,43.36
09/21/2023,43.40,3490085,43.99,45.01,43.34
09/20/2023,45.52,2993807,48.14,48.34,45.47
09/19/2023,47.83,2096140,47.19,48.155,46.48
09/18/2023,47.87,1666226,46.74,48.3473,46.74
09/15/2023,47.26,2835200,49.66,49.66,46.83
09/14/2023,50.16,2135508,49.96,50.5099,49.06
09/13/2023,49.15,1589852,48.93,49.90,48.29
09/12/2023,48.71,2679112,50.30,50.82,48.4901
09/11/2023,51.57,1659562,52.11,52.27,50.27
09/08/2023,50.83,1782392,50.58,51.79,50.425
09/07/2023,50.51,2020808,50.32,50.85,49.32
09/06/2023,52.88,2630704,54.13,54.38,51.885
09/05/2023,54.61,2244003,53.57,55.13,53.11
09/01/2023,54.02,1861765,54.77,54.83,53.26
08/31/2023,53.56,1788095,53.16,54.24,53.05
08/30/2023,52.87,2092810,51.63,53.0599,51.22
08/29/2023,51.68,2993182,48.32,51.88,48.23
08/28/2023,48.80,2681353,48.65,49.11,47.69
08/25/2023,47.71,3943001,46.74,48.45,45.58
08/24/2023,46.26,3905181,51.65,51.65,46.195
08/23/2023,49.78,3044680,47.49,50.21,47.42
08/22/2023,47.24,3548768,48.74,48.78,46.94
08/21/2023,47.44,2893052,45.58,47.71,45.45
08/18/2023,44.85,3282033,43.27,45.41,43.23
08/17/2023,44.73,3043036,46.55,46.8989,44.51
08/16/2023,46.10,2652973,47.22,47.94,46.06
08/15/2023,47.43,1979572,48.37,48.98,47.11
08/14/2023,48.93,1947660,46.50,48.94,46.1827
08/11/2023,46.72,2731898,46.78,47.54,46.21
08/10/2023,47.83,4522733,48.93,50.13,47.11
08/09/2023,47.79,2803866,49.97,49.97,47.32
08/08/2023,49.75,3365977,49.81,50.00,48.2317
08/07/2023,50.96,1944364,51.07,51.70,49.85
08/04/2023,50.55,2745952,52.12,53.13,50.31
08/03/2023,52.79,2020302,52.16,53.69,52.02
08/02/2023,53.43,3325957,56.16,56.28,52.845
08/01/2023,57.75,947128,56.98,58.11,56.455
07/31/2023,57.46,1055349,57.20,57.68,56.51
07/28/2023,57.10,1246126,56.36,57.61,56.05
07/27/2023,54.90,1828698,57.53,58.15,54.16
07/26/2023,55.42,1851414,55.71,56.3201,54.23
07/25/2023,57.74,1430384,56.26,58.32,56.26
07/24/2023,55.90,1134689,56.30,56.70,55.24
07/21/2023,55.55,1515381,56.80,57.57,55.42
07/20/2023,55.70,2559371,57.98,58.89,55.18
07/19/2023,59.31,2122335,60.40,60.96,58.64
07/18/2023,59.78,2248187,57.42,60.62,56.50
07/17/2023,57.83,1640358,55.97,58.30,55.83
07/14/2023,55.67,1839683,56.37,57.6899,55.2101
07/13/2023,55.99,1539692,54.89,56.31,54.68
07/12/2023,53.92,2229755,53.64,54.6597,52.85
07/11/2023,52.17,1112397,52.18,52.32,50.6201
07/10/2023,51.83,1052115,50.88,51.84,50.29
07/07/2023,51.41,1423563,51.79,53.33,51.36
07/06/2023,52.13,2633814,51.06,52.31,50.58
07/05/2023,52.65,1723181,52.52,53.8201,52.39
07/03/2023,53.63,949477,53.90,54.04,52.8106
06/30/2023,54.02,2315728,53.11,54.40,52.98
06/29/2023,51.63,1500780,51.50,51.88,50.66
06/28/2023,51.32,2083338,50.38,52.16,50.31
06/27/2023,51.27,2061329,49.09,51.62,48.86
06/26/2023,48.36,1238619,49.58,50.93,48.325
06/23/2023,49.49,1677820,49.21,50.40,48.89
06/22/2023,51.27,1993270,49.30,51.27,49.30
06/21/2023,49.99,2448536,51.67,52.0199,49.57
06/20/2023,52.38,1679748,52.46,53.51,51.55
06/16/2023,53.50,2613346,56.53,56.53,53.3581
06/15/2023,54.90,3667977,52.22,55.60,52.19
06/14/2023,52.86,3792045,51.14,52.95,50.60
06/13/2023,51.32,2913134,51.63,52.04,50.092
06/12/2023,50.41,2179555,48.28,50.46,48.03
06/09/2023,47.35,1918569,47.25,48.732,46.89
06/08/2023,46.69,1783006,45.36,46.90,45.34
06/07/2023,45.26,2531318,47.20,48.21,44.96
06/06/2023,47.40,1876728,47.00,47.70,46.38
06/05/2023,47.46,1946528,48.16,49.14,47.1629
06/02/2023,48.33,2110300,48.328,48.95,47.28
06/01/2023,47.48,2141526,45.75,48.08,45.21
05/31/2023,46.13,2167732,46.44,47.80,46.05
05/30/2023,47.32,3785443,48.67,49.34,47.03
05/26/2023,46.59,3206700,43.25,46.82,43.24
05/25/2023,42.99,2305630,41.67,43.4399,41.00
05/24/2023,38.56,2226732,38.60,39.03,37.93
05/23/2023,39.45,1440024,40.66,41.15,39.39
05/22/2023,41.25,1320363,40.56,41.58,40.49
05/19/2023,41.04,1849595,41.16,41.345,40.62
05/18/2023,41.16,2793509,38.93,41.30,38.90
05/17/2023,38.78,1712414,37.75,38.96,37.25
05/16/2023,37.31,1555738,36.98,37.90,36.97
05/15/2023,37.18,1435290,36.47,37.20,36.01
05/12/2023,36.31,1456780,36.58,36.79,35.47
05/11/2023,36.46,2034389,36.77,36.79,35.72
05/10/2023,36.98,2804765,36.60,37.25,35.96
05/09/2023,35.71,1063607,35.94,36.15,35.5975
05/08/2023,36.56,1118775,36.37,36.66,35.89
05/05/2023,36.62,2459474,35.10,36.99,34.93
05/04/2023,34.11,2458992,34.18,34.80,33.68
05/03/2023,34.61,3466239,35.64,36.32,34.57
05/02/2023,35.53,2637907,36.51,36.79,34.96
05/01/2023,36.56,1437902,36.43,37.07,36.22
04/28/2023,36.49,2373229,35.42,36.51,35.24
04/27/2023,35.36,2610991,33.72,35.45,33.50
04/26/2023,33.30,2978004,33.60,34.28,33.06
04/25/2023,31.87,2210215,33.54,33.74,31.84
04/24/2023,34.06,1469388,34.16,34.58,33.29
04/21/2023,34.51,1413446,34.47,34.70,33.84
04/20/2023,34.90,2209693,34.60,35.93,34.413
04/19/2023,35.61,1335199,35.00,35.78,34.80
04/18/2023,35.93,2001862,36.42,36.6985,35.46
04/17/2023,35.61,1524382,35.33,35.84,34.78
04/14/2023,35.23,2259166,35.26,36.11,34.30
04/13/2023,35.87,1888237,34.35,36.02,34.20
04/12/2023,34.03,2260591,35.21,35.56,33.82
04/11/2023,34.60,1202879,35.46,35.4654,34.42
04/10/2023,35.59,2099567,34.68,35.61,34.02
04/06/2023,35.67,1661222,34.31,35.8016,33.8596
04/05/2023,35.13,2380921,35.79,35.94,34.3371
04/04/2023,36.40,2301484,37.18,37.5485,35.97
04/03/2023,36.99,2838814,36.56,37.14,35.96
03/31/2023,37.18,2404887,35.54,37.275,35.39
03/30/2023,35.66,2776054,35.43,35.8299,34.97
03/29/2023,34.50,2301321,33.59,34.72,33.54
03/28/2023,32.48,1700323,32.76,32.78,31.58
03/27/2023,32.96,2009719,33.88,34.21,32.6829
03/24/2023,33.73,3081144,33.21,33.76,32.50
03/23/2023,33.52,3782190,33.17,34.78,32.57
03/22/2023,31.94,4395757,32.93,34.90,31.92
03/21/2023,32.93,1946015,32.768,33.11,31.68
03/20/2023,32.25,2527692,31.83,32.375,31.08
03/17/2023,32.03,3790844,32.43,33.16,31.45
03/16/2023,32.16,4072712,29.35,32.28,29.08
03/15/2023,29.66,5982840,28.75,29.78,28.23
03/14/2023,29.62,3324703,28.84,29.93,28.45
03/13/2023,27.71,6360043,26.75,28.87,26.27
03/10/2023,27.31,6778673,28.74,28.91,26.96
03/09/2023,28.84,3613147,30.448,31.284,28.67
03/08/2023,30.15,2565882,29.73,30.26,29.20
03/07/2023,29.43,3213152,30.64,30.85,29.20
03/06/2023,30.60,3032963,30.70,31.81,30.50
03/03/2023,30.13,2300649,28.91,30.15,28.79
03/02/2023,28.35,2119423,26.98,28.60,26.97
03/01/2023,27.34,2756542,27.97,28.13,27.08
02/28/2023,27.98,1885865,27.94,28.77,27.73
02/27/2023,28.16,2112419,28.564,28.98,28.02
02/24/2023,27.73,3370460,27.92,28.11,27.23
02/23/2023,29.30,3776570,29.58,29.63,28.12
02/22/2023,27.94,2735459,28.30,28.6183,27.54
02/21/2023,28.09,3047921,29.08,29.55,27.99
02/17/2023,30.24,4293287,30.61,30.84,29.42
02/16/2023,31.42,3625319,31.69,32.8399,31.36
02/15/2023,33.17,2896750,32.238,33.19,31.91
02/14/2023,32.65,5450057,31.93,33.29,31.28
02/13/2023,32.34,3367601,31.12,32.55,31.05
02/10/2023,30.75,3278946,30.57,31.07,29.88
02/09/2023,31.28,3518997,33.02,33.36,30.8401
02/08/2023,31.76,4560284,33.03,33.66,31.55
02/07/2023,32.96,5906960,30.75,33.29,30.75
02/06/2023,30.69,3204112,30.87,31.49,30.31
02/03/2023,31.84,6133559,30.89,33.40,30.81
02/02/2023,32.66,4965542,31.72,33.18,31.31
02/01/2023,30.20,5868293,28.19,30.9096,27.75
01/31/2023,28.23,2711074,27.10,28.25,27.03
01/30/2023,27.11,2880312,27.78,28.12,27.03
01/27/2023,28.72,3434812,27.81,29.34,27.81
01/26/2023,28.39,4429096,28.02,28.44,27.07
01/25/2023,27.09,4447073,25.95,27.33,25.18
01/24/2023,27.31,3032015,26.97,27.63,26.77
01/23/2023,27.35,5276949,25.937,27.81,25.74
01/20/2023,25.61,3098258,24.09,25.66,23.80
01/19/2023,23.75,2722995,23.98,24.40,23.445
01/18/2023,24.60,4502388,26.045,26.42,24.53
01/17/2023,25.57,2296590,25.18,26.02,25.03
01/13/2023,25.24,2673769,24.37,25.35,24.14
01/12/2023,25.04,5060574,24.66,25.39,23.73
01/11/2023,24.49,3175370,23.57,24.52,23.31
01/10/2023,23.29,2644607,22.702,23.42,22.35
01/09/2023,22.87,4290493,22.71,24.125,22.67
01/06/2023,22.12,4329104,20.94,22.42,20.15
01/05/2023,20.37,3071705,21.26,21.33,20.255
01/04/2023,21.65,3203369,21.81,22.04,20.915
01/03/2023,21.48,3803743,22.77,23.27,21.00
12/30/2022,22.10,3239511,21.465,22.14,21.10
12/29/2022,22.20,3353071,21.17,22.44,21.17
12/28/2022,20.63,3329562,21.56,22.11,20.54
12/27/2022,21.69,2799101,22.20,22.21,21.2771
12/23/2022,22.34,2458624,21.84,22.37,21.27
12/22/2022,22.30,5521986,23.17,23.25,21.075
12/21/2022,24.11,4484355,23.26,24.421,23.10
12/20/2022,22.96,3468275,22.48,23.32,22.1699
12/19/2022,22.93,3379788,23.99,24.07,22.44
12/16/2022,23.90,3837451,24.60,25.05,23.515
12/15/2022,24.92,4089989,26.66,26.9699,24.60
12/14/2022,28.05,8065644,28.66,29.7001,27.04
12/13/2022,28.75,7934645,30.82,31.26,27.93
12/12/2022,27.78,3305420,26.29,27.79,26.19
12/09/2022,26.08,3340868,26.22,27.20,25.80
12/08/2022,26.61,4509180,25.88,26.835,25.33
12/07/2022,25.40,4264360,25.42,25.96,24.82
12/06/2022,25.79,3465975,27.50,27.58,25.24
12/05/2022,27.57,2487145,28.34,28.81,26.99
12/02/2022,29.03,3538347,27.90,29.29,27.69
12/01/2022,29.55,4515219,29.50,29.95,28.44
11/30/2022,29.43,6072689,25.61,29.43,25.48
11/29/2022,25.61,2531898,26.32,26.49,25.26
11/28/2022,26.37,2212570,27.28,27.7592,26.04
11/25/2022,28.21,1098149,28.32,28.45,27.93
11/23/2022,28.71,3053956,27.86,28.95,27.70
11/22/2022,27.98,2152272,26.79,28.02,26.21
11/21/2022,26.46,2081213,26.93,27.19,26.282
11/18/2022,27.37,2964834,28.17,28.20,26.65
11/17/2022,27.25,4097898,25.88,27.64,25.81
11/16/2022,27.15,4234762,27.77,27.94,26.82
11/15/2022,28.31,6082631,29.35,29.55,27.50
11/14/2022,27.36,4982362,27.46,28.385,26.9599
11/11/2022,28.10,5953381,26.60,28.35,26.25
11/10/2022,26.81,7976877,24.638,26.81,24.275
11/09/2022,21.46,4728106,22.67,22.67,21.3597
11/08/2022,23.24,5586999,23.23,24.11,22.27
11/07/2022,22.63,3692244,21.72,22.74,21.205
11/04/2022,21.54,8215268,21.635,21.89,20.13
11/03/2022,20.46,4458591,21.57,21.61,20.405
11/02/2022,22.45,6279430,25.00,25.94,22.42
11/01/2022,25.05,4300753,26.65,26.78,24.70
10/31/2022,25.72,4504618,26.038,26.17,25.22
10/28/2022,26.74,6668276,24.09,26.9099,24.05
10/27/2022,23.71,5308328,24.81,25.24,23.515
10/26/2022,24.52,7346308,24.405,26.15,24.18
10/25/2022,26.29,6655403,25.15,26.3501,25.05
10/24/2022,24.86,6672824,24.23,25.15,23.29
10/21/2022,23.90,5688021,21.86,24.025,21.72
10/20/2022,22.10,5214518,22.10,23.56,21.7903
10/19/2022,22.10,5122698,21.70,22.76,21.42
10/18/2022,22.28,6350679,23.45,23.6697,21.47
10/17/2022,21.73,5078547,21.38,22.06,21.22
10/14/2022,19.95,8479706,22.41,22.46,19.83
10/13/2022,21.76,10267160,18.29,22.105,18.09
10/12/2022,19.95,4448869,20.15,20.57,19.83
10/11/2022,20.14,6665839,20.72,21.1652,19.66
10/10/2022,21.12,4356991,22.23,22.32,20.44
10/07/2022,22.19,5077889,23.80,23.835,21.8392
10/06/2022,25.40,3567125,25.76,26.67,25.29
10/05/2022,26.05,4640624,24.68,26.58,24.28
10/04/2022,25.74,5179841,24.80,25.8499,24.80
10/03/2022,23.41,5328778,22.00,23.81,21.68
09/30/2022,21.48,4819575,22.52,23.485,21.40
09/29/2022,22.78,6653777,23.67,23.80,21.91
09/28/2022,24.70,5667112,23.63,25.045,22.90
09/27/2022,23.99,7385107,24.83,25.48,23.30
09/26/2022,23.87,5754173,24.20,25.3703,23.64
09/23/2022,24.41,6132829,24.70,24.808,23.40
09/22/2022,25.40,3780873,25.80,26.24,24.94
09/21/2022,26.21,4153945,27.92,29.14,26.17
09/20/2022,27.52,2508055,27.19,28.01,26.77
09/19/2022,28.03,2934961,26.53,28.0796,26.51
09/16/2022,27.36,5751449,26.85,27.50,26.15
09/15/2022,27.81,5867146,29.08,29.70,27.29
09/14/2022,29.96,3446018,29.97,30.53,29.04
09/13/2022,29.59,5966398,32.23,32.73,29.31
09/12/2022,35.18,4046778,34.32,35.24,34.20
09/09/2022,33.61,4546643,32.58,33.83,32.29
09/08/2022,31.72,2607123,30.68,32.2001,30.27
09/07/2022,31.40,3623335,30.19,31.77,29.84
09/06/2022,29.98,3818096,30.70,31.095,29.37
09/02/2022,30.61,4265269,32.83,33.3683,30.0845
09/01/2022,31.86,3622078,31.38,31.97,29.82
08/31/2022,32.33,3544324,33.89,34.23,32.30
08/30/2022,33.30,3978295,35.00,35.115,32.39
08/29/2022,34.42,2842982,34.63,35.41,33.985
08/26/2022,35.85,4858046,41.01,41.34,35.75
08/25/2022,41.09,2531490,39.49,41.10,39.28
08/24/2022,39.15,1777325,38.93,39.62,38.48
08/23/2022,39.07,2387298,39.11,40.31,38.91
08/22/2022,39.41,3449973,41.01,41.27,39.075
08/19/2022,42.99,2578966,44.42,44.50,42.68
08/18/2022,45.48,1982426,44.76,46.02,44.42
08/17/2022,44.86,2048418,44.60,45.86,43.84
08/16/2022,45.81,2561313,45.57,46.44,44.52
08/15/2022,46.15,2519857,44.56,46.38,44.56
08/12/2022,45.33,2500574,43.59,45.34,43.23
08/11/2022,42.74,2996854,44.27,44.887,42.57
08/10/2022,43.29,3257761,42.80,43.4272,41.92
08/09/2022,40.05,2320428,40.23,40.54,39.38
08/08/2022,41.31,3500005,42.40,43.2699,40.61
08/05/2022,42.39,3199151,40.56,42.74,40.54
08/04/2022,42.68,2353037,42.10,42.75,41.28
08/03/2022,42.14,3125021,39.58,42.48,39.5645
08/02/2022,39.06,3404995,38.88,40.40,38.00
08/01/2022,39.90,4021743,39.09,41.09,38.72
07/29/2022,40.10,5095808,38.86,40.50,38.23
07/28/2022,38.40,5257374,36.82,38.65,35.8542
07/27/2022,36.72,5043338,34.09,37.26,34.00
07/26/2022,32.53,2628838,34.12,34.14,32.16
07/25/2022,34.26,2382628,34.84,34.84,33.43
07/22/2022,34.92,3765520,36.38,36.76,34.24
07/21/2022,36.37,4083541,35.08,36.39,33.96
07/20/2022,34.91,4194369,33.34,35.35,33.105
07/19/2022,33.30,2609931,31.63,33.45,31.04
07/18/2022,30.59,3251975,32.38,32.75,30.22
07/15/2022,31.48,3881383,30.83,31.52,30.41
07/14/2022,29.91,4158514,28.32,30.235,27.3099
07/13/2022,29.15,4948967,27.65,29.69,27.34
07/12/2022,29.38,3588139,30.91,31.49,28.8301
07/11/2022,30.64,3614116,31.06,31.52,29.97
07/08/2022,31.99,4511846,30.86,32.26,30.60
07/07/2022,31.91,3452166,30.54,32.13,30.48
07/06/2022,30.07,3047426,29.46,30.77,29.09
07/05/2022,29.30,4330854,27.02,29.3201,26.62
07/01/2022,28.24,4072469,27.60,28.44,26.81
06/30/2022,28.07,4457751,28.13,29.17,26.71
06/29/2022,29.25,4762070,28.94,29.78,28.2699
06/28/2022,29.09,4108783,32.14,32.98,29.04
06/27/2022,31.95,4069922,32.99,33.22,31.53
06/24/2022,32.62,4378845,30.27,32.64,30.27
06/23/2022,29.45,3364189,28.90,29.61,28.14
06/22/2022,28.23,4252493,27.60,29.3799,27.38
06/21/2022,28.54,4527757,27.85,29.13,27.73
06/17/2022,26.54,5090801,25.88,27.3199,25.27
06/16/2022,25.90,4549467,27.14,27.27,25.14
06/15/2022,29.44,7715498,28.69,30.69,27.58
06/14/2022,27.70,3864721,27.90,28.24,26.93
06/13/2022,27.24,5629163,28.48,29.2499,26.8699
06/10/2022,31.38,4973941,33.515,33.90,31.33
06/09/2022,35.46,2821761,37.70,38.82,35.44
06/08/2022,38.55,1998796,39.50,40.1192,38.22
06/07/2022,39.94,2665684,37.31,40.13,37.06
06/06/2022,38.50,2790530,39.91,40.7099,37.9501
06/03/2022,38.52,3408899,39.14,40.00,37.965
06/02/2022,41.49,3724834,37.86,41.51,37.35
06/01/2022,38.73,5453914,40.30,41.12,37.84
05/31/2022,39.13,4797584,39.49,40.25,37.91
05/27/2022,39.94,5686523,37.36,39.94,37.36
05/26/2022,36.28,4899251,33.23,36.71,33.03
05/25/2022,33.82,5470233,32.00,34.57,31.955
05/24/2022,32.69,7188435,32.63,33.31,30.915
05/23/2022,34.27,7268171,32.36,34.36,32.01
05/20/2022,32.01,9562004,33.06,33.39,29.07
05/19/2022,31.85,4844665,32.15,33.51,31.35
05/18/2022,32.99,4718679,36.63,36.93,32.53
05/17/2022,38.14,7483328,37.30,38.31,36.15
05/16/2022,35.12,3584157,35.32,36.54,34.20
05/13/2022,36.15,4876495,34.15,36.57,33.51
05/12/2022,32.83,6685033,32.36,34.27,30.4803
05/11/2022,33.88,7579767,36.40,38.5193,33.53
05/10/2022,37.46,5360640,38.31,38.94,35.80
05/09/2022,35.87,7789193,38.14,39.05,35.25
05/06/2022,40.54,6204555,40.44,42.44,38.63
05/05/2022,41.64,6416570,46.38,46.52,39.86
05/04/2022,48.53,8916493,44.37,48.76,42.20
05/03/2022,43.94,4129688,43.75,44.69,42.67
05/02/2022,43.80,4100549,41.81,43.80,40.21
04/29/2022,41.88,6919549,46.20,47.83,41.52
04/28/2022,47.76,3966740,44.613,48.48,43.94
04/27/2022,42.66,4638770,42.16,45.02,41.90
04/26/2022,40.91,5529011,44.76,44.92,40.89
04/25/2022,45.95,6511870,43.38,46.04,42.56
04/22/2022,43.97,7737827,47.93,48.665,43.78
04/21/2022,48.03,4420284,51.99,53.51,47.57
04/20/2022,50.60,6582441,52.30,52.63,50.13
04/19/2022,50.73,5577728,47.73,51.00,47.18
04/18/2022,48.04,2791710,46.73,48.94,46.71
04/14/2022,47.59,2668288,51.57,51.72,47.50
04/13/2022,51.28,2698356,49.05,51.78,48.51
04/12/2022,49.03,3837942,51.61,52.59,48.43
04/11/2022,49.65,2975647,51.75,51.99,49.42
04/08/2022,53.68,1864758,55.26,55.69,53.35
04/07/2022,56.19,2031470,54.662,57.18,53.76
04/06/2022,55.55,3029433,56.94,57.49,54.23
04/05/2022,60.09,2552854,63.40,63.76,59.47
04/04/2022,64.18,1536438,61.02,64.24,61.02
04/01/2022,60.71,2228871,61.40,61.85,58.65
03/31/2022,61.44,1757378,63.97,64.43,61.07
03/30/2022,64.04,1662666,65.73,66.29,63.05
03/29/2022,66.74,2715819,65.055,66.97,63.625
03/28/2022,62.89,2052128,59.74,62.89,59.38
03/25/2022,60.58,2282937,60.87,61.28,58.35
03/24/2022,60.74,2952474,57.19,60.76,56.75
03/23/2022,56.35,2126638,57.37,59.04,56.20
03/22/2022,59.07,2947272,56.75,59.98,56.51
03/21/2022,56.66,2702430,56.05,57.55,54.391
03/18/2022,56.91,2888768,53.30,57.26,52.40
03/17/2022,53.70,2540342,51.64,53.74,50.88
03/16/2022,52.63,4833468,49.65,52.65,47.4297
03/15/2022,47.88,3448595,44.59,48.18,44.1401
03/14/2022,43.50,3492042,45.35,47.00,43.15
03/11/2022,46.12,2020137,50.05,50.20,45.89
03/10/2022,48.68,3050039,48.42,49.10,46.39
03/09/2022,51.47,2972892,49.75,52.02,48.55
03/08/2022,45.99,4681170,46.25,50.2498,43.90
03/07/2022,46.69,5368757,52.29,52.92,46.5322
03/04/2022,52.39,4314768,53.82,54.66,51.08
03/03/2022,55.25,3335406,58.74,58.8999,54.40
03/02/2022,57.37,2607386,54.80,58.0299,53.78
03/01/2022,53.89,3847864,56.87,57.50,52.51
02/28/2022,57.33,3675718,55.74,58.01,54.335
02/25/2022,57.65,3183058,56.04,57.65,53.5538
02/24/2022,55.30,5187225,44.95,55.475,44.5101
02/23/2022,50.27,3098991,55.75,56.40,50.04
02/22/2022,54.33,3867851,54.00,56.94,52.49
02/18/2022,55.86,2710301,58.26,58.48,54.54
02/17/2022,57.63,1650451,61.38,61.70,57.28
02/16/2022,63.28,1715093,62.12,63.96,60.15
02/15/2022,63.53,1778364,61.49,63.63,60.95
02/14/2022,58.98,2012475,58.41,60.29,56.87
02/11/2022,59.00,3854525,65.06,65.91,58.20
02/10/2022,64.91,3084721,66.31,69.74,63.84
02/09/2022,70.40,2668506,68.80,70.495,67.78
02/08/2022,66.06,1657748,63.01,66.55,62.62
02/07/2022,63.65,1366275,65.31,66.2986,62.95
02/04/2022,65.00,2285906,63.04,66.64,62.38
02/03/2022,64.23,3174044,67.29,68.79,63.45
02/02/2022,70.40,2915591,69.20,70.71,67.735
02/01/2022,68.75,3042117,68.60,69.05,65.77
01/31/2022,68.33,3682026,63.52,68.42,62.4609
01/28/2022,63.39,4921080,58.23,63.44,55.63
01/27/2022,56.15,3101670,60.04,60.94,55.43
01/26/2022,57.25,4263467,61.22,62.8599,55.2801
01/25/2022,56.32,4123273,56.91,59.61,54.24
01/24/2022,60.50,7522547,56.40,60.59,50.17
01/21/2022,59.57,4388858,62.73,65.00,59.54
01/20/2022,63.30,4120283,67.56,69.86,63.06
01/19/2022,65.94,2336409,69.40,71.96,65.665
01/18/2022,68.79,2791720,70.68,72.1707,68.18
01/14/2022,74.12,1807825,70.85,74.27,70.85
01/13/2022,72.40,2322172,79.29,80.30,71.73
01/12/2022,78.36,2482165,79.18,80.62,77.2219
01/11/2022,77.37,2316628,74.06,77.64,72.36
01/10/2022,74.64,3700854,71.30,74.93,68.34
01/07/2022,74.49,2301812,76.57,77.65,73.1017
01/06/2022,76.74,2464368,76.00,79.13,75.33
01/05/2022,77.97,2889770,84.75,84.75,77.86
01/04/2022,85.87,2173102,89.21,89.40,83.87
01/03/2022,88.68,2459081,86.82,88.90,85.42
12/31/2021,86.23,1805654,87.22,87.82,86.12
12/30/2021,87.55,1351790,89.29,90.2799,87.21
12/29/2021,89.28,1233884,89.08,90.33,87.90
12/28/2021,89.08,2468544,90.98,91.04,88.3711
12/27/2021,90.50,2275515,86.01,90.51,85.95
12/23/2021,85.05,1358227,84.06,86.00,83.97
12/22/2021,83.72,1397959,80.24,83.82,79.46
12/21/2021,80.46,1805697,77.44,80.69,75.1559
12/20/2021,74.87,2199467,74.136,75.53,73.15
12/17/2021,77.58,2086161,76.54,79.91,75.35
12/16/2021,79.25,3000289,87.34,87.91,77.7284
12/15/2021,86.56,2727279,80.49,86.86,78.12
12/14/2021,80.22,2467264,81.28,82.947,77.2114
12/13/2021,84.34,1567423,88.81,89.35,84.00
12/10/2021,88.45,1922032,85.97,88.61,85.182
12/09/2021,83.34,1249590,85.50,87.20,83.13
12/08/2021,86.42,1299565,85.37,86.58,83.59
12/07/2021,85.26,2177658,81.79,85.55,81.4101
12/06/2021,77.28,1429894,75.63,77.87,73.37
12/03/2021,75.02,3302487,79.69,80.41,72.13
12/02/2021,79.01,1673294,74.91,80.03,74.28
12/01/2021,76.87,1940298,82.99,84.58,76.71
11/30/2021,80.22,2139771,81.33,83.56,78.11
11/29/2021,82.26,1796127,79.61,82.88,79.2201
11/26/2021,76.63,1943728,79.298,81.09,75.64
11/24/2021,82.78,1076341,79.68,82.85,78.39
11/23/2021,81.09,2027679,80.59,81.71,77.93
11/22/2021,81.66,2216407,85.68,88.76,81.41
11/19/2021,84.48,1523064,83.68,85.33,82.6416
11/18/2021,82.53,1422309,81.70,82.96,79.86
11/17/2021,80.21,1146223,80.44,81.77,79.47
11/16/2021,80.96,1277250,78.22,81.30,78.10
11/15/2021,78.52,958640,79.69,80.03,77.18
11/12/2021,78.76,979374,76.78,79.10,76.3501
11/11/2021,76.06,733732,76.45,76.65,75.63
11/10/2021,74.86,1575387,77.00,78.16,74.22
11/09/2021,78.89,1182875,80.26,80.425,77.64
11/08/2021,79.83,849022,79.44,80.21,78.76
11/05/2021,78.46,1373481,79.09,79.8788,77.08
11/04/2021,77.40,1798286,74.77,77.90,74.37
11/03/2021,73.99,984490,72.95,74.34,71.72
11/02/2021,72.72,811733,71.10,73.1691,71.10
11/01/2021,71.03,1228130,71.15,71.25,69.68
10/29/2021,71.06,1314762,68.09,71.20,67.90
10/28/2021,70.09,1152041,69.29,70.34,69.03
10/27/2021,68.09,974896,68.69,69.71,67.95
10/26/2021,68.37,1674754,69.12,69.98,68.21
10/25/2021,67.82,801248,67.74,68.47,66.98
10/22/2021,67.10,1336944,67.67,68.57,66.28
10/21/2021,67.80,898879,66.40,67.91,66.00
10/20/2021,67.04,1675988,67.77,68.09,66.1699
10/19/2021,67.57,1880973,66.16,67.61,65.79
10/18/2021,65.69,1363355,62.977,65.75,62.42
10/15/2021,64.08,1325345,63.27,64.08,62.64
10/14/2021,62.53,1254917,60.43,62.63,60.1499
10/13/2021,58.60,703191,58.29,58.95,57.1518
10/12/2021,57.59,746191,59.19,59.337,57.26
10/11/2021,58.47,963703,58.622,60.83,58.38
10/08/2021,59.49,799446,60.85,60.92,59.15
10/07/2021,60.13,1907826,60.01,61.48,59.80
10/06/2021,58.52,1363077,55.49,58.66,54.88
10/05/2021,57.35,1642606,55.24,58.347,55.24
10/04/2021,54.99,2559544,58.19,58.30,53.68
10/01/2021,59.12,1537705,57.22,59.5595,55.50
09/30/2021,56.64,1200366,58.89,59.63,56.56
09/29/2021,57.88,1265257,58.761,59.74,57.58
09/28/2021,58.12,2824011,61.30,61.7762,57.96
09/27/2021,63.81,1119840,63.98,64.499,62.56
09/24/2021,65.75,826516,64.33,66.02,64.22
09/23/2021,65.59,1344841,63.96,66.026,63.455
09/22/2021,63.09,1309844,61.61,63.74,60.76
09/21/2021,60.52,1105636,61.56,62.0389,59.89
09/20/2021,60.52,2791621,61.15,62.16,57.9899
09/17/2021,64.07,1765725,66.59,66.59,63.70
09/16/2021,67.16,739257,66.33,67.329,65.07
09/15/2021,66.98,877931,65.98,67.1599,64.88
09/14/2021,65.34,852857,66.42,66.80,64.80
09/13/2021,65.56,1347466,66.93,67.50,64.29
09/10/2021,65.54,1392107,68.60,69.12,65.325
09/09/2021,67.47,685142,68.44,69.14,67.37
09/08/2021,68.31,822985,69.09,69.11,66.87
09/07/2021,69.17,719855,69.21,69.53,68.13
09/03/2021,69.15,823724,68.13,69.58,67.95
09/02/2021,68.35,2932901,69.19,69.46,67.4201
09/01/2021,68.47,1120753,69.13,70.05,68.31
08/31/2021,68.47,909155,69.70,69.73,68.12
08/30/2021,69.50,1466413,67.96,69.74,67.948
08/27/2021,67.31,1370200,65.54,67.49,65.30
08/26/2021,65.48,763768,66.47,66.87,65.31
08/25/2021,66.73,659745,67.38,67.84,66.42
08/24/2021,66.89,716424,67.37,67.55,66.67
08/23/2021,67.09,1372845,65.11,67.36,65.10
08/20/2021,64.63,1301924,62.99,64.73,62.42
08/19/2021,62.23,1567555,59.39,62.86,59.16
08/18/2021,60.44,1516292,62.58,63.43,60.22
08/17/2021,63.02,1075556,63.45,63.7475,61.85
08/16/2021,64.69,1042453,63.28,64.69,61.71
08/13/2021,63.85,679843,62.90,63.85,62.70
08/12/2021,62.78,615450,61.49,62.87,60.76
08/11/2021,61.71,580407,62.34,62.6377,60.80
08/10/2021,61.69,829034,63.39,63.57,61.18
08/09/2021,63.07,541812,63.92,64.25,62.89
08/06/2021,63.68,432445,63.20,63.90,63.11
08/05/2021,63.90,609291,63.17,63.91,62.5904
08/04/2021,62.82,725536,62.41,63.26,61.74
08/03/2021,62.48,744873,61.55,62.535,60.13
08/02/2021,61.22,920096,62.76,63.03,61.02
07/30/2021,61.96,977847,60.76,62.13,60.76
07/29/2021,62.09,896060,61.12,62.68,61.10
07/28/2021,61.17,949089,61.58,62.17,59.455
07/27/2021,61.46,1862267,63.05,63.09,59.10
07/26/2021,63.28,878564,62.89,63.58,62.17
07/23/2021,63.33,1330403,62.33,63.4405,61.73
07/22/2021,61.56,1005401,60.59,61.67,60.59
07/21/2021,60.23,1320984,58.50,60.24,58.19
07/20/2021,58.50,1478164,56.88,59.56,55.88
07/19/2021,56.10,2768019,56.335,56.82,55.01
07/16/2021,58.45,1665235,60.68,61.44,58.27
07/15/2021,60.27,1952763,61.69,61.70,59.25
07/14/2021,61.88,3007738,61.93,62.70,60.96
07/13/2021,60.53,1467568,59.41,61.74,59.24
07/12/2021,59.71,1149332,60.20,60.379,59.1411
07/09/2021,59.58,1494337,57.77,59.71,57.49
07/08/2021,58.02,2093237,56.81,58.45,56.05
07/07/2021,59.68,2365205,59.84,60.03,58.29
07/06/2021,58.75,2152981,58.46,59.538,57.0116
07/02/2021,58.13,2008854,56.712,58.23,56.65
07/01/2021,55.78,1675664,55.49,55.80,54.73
06/30/2021,55.62,1573284,55.54,56.02,55.073
06/29/2021,55.78,3890542,54.56,55.84,54.29
06/28/2021,54.62,1114479,53.54,54.76,53.53
06/25/2021,52.98,697879,53.28,53.37,52.66
06/24/2021,53.13,891455,53.14,53.59,52.811
06/23/2021,52.08,885836,52.40,52.6798,51.83
06/22/2021,52.31,1171385,50.92,52.375,50.65
06/21/2021,50.95,1438543,49.50,51.00,48.44
06/18/2021,49.32,1264236,50.06,50.55,49.1801
06/17/2021,50.80,1359480,48.60,51.34,48.60
06/16/2021,49.05,1243489,50.01,50.43,47.59
06/15/2021,49.88,829330,50.55,50.64,49.5703
06/14/2021,50.84,1207926,49.49,50.84,48.85
06/11/2021,49.28,1104062,48.66,49.28,48.49
06/10/2021,48.48,3776747,47.62,48.79,47.20
06/09/2021,47.41,2410106,47.94,48.23,47.33
06/08/2021,47.33,1464694,48.00,48.5701,46.92
06/07/2021,47.28,1330302,47.18,47.46,46.61
06/04/2021,47.28,2622697,45.63,47.475,45.58
06/03/2021,44.74,1859152,44.97,45.47,43.91
06/02/2021,46.00,2327125,45.37,46.59,45.12
06/01/2021,45.13,1305354,46.39,46.55,44.85
05/28/2021,45.78,1103525,46.03,46.575,45.72
05/27/2021,45.35,1169697,45.89,46.48,45.28
05/26/2021,46.10,2161242,46.35,46.64,45.60
05/25/2021,46.12,2662019,46.66,46.92,45.755
05/24/2021,45.99,2771248,44.98,46.48,44.73
05/21/2021,43.70,3535055,45.11,45.25,43.58
05/20/2021,44.42,2362923,42.53,44.845,42.52
05/19/2021,42.03,3102818,39.64,42.10,39.50
05/18/2021,41.60,1058901,43.03,43.26,41.52
05/17/2021,42.62,1016199,42.81,42.85,41.42
05/14/2021,43.58,1976268,42.22,44.01,42.00
05/13/2021,40.92,2313736,40.53,41.95,40.07
05/12/2021,39.37,2584254,41.13,41.74,38.99
05/11/2021,43.04,4127456,40.90,43.22,40.55
05/10/2021,43.40,3104746,46.28,46.32,43.3001
05/07/2021,46.86,3044179,47.07,47.71,46.295
05/06/2021,45.78,2483403,44.40,45.81,43.38
05/05/2021,44.43,1321604,45.67,46.00,44.15
05/04/2021,44.72,4133957,46.209,46.25,43.17
05/03/2021,47.33,1703363,48.36,48.74,46.90
04/30/2021,47.75,2712856,48.23,49.01,47.35
04/29/2021,49.77,1929096,51.17,51.29,48.235
04/28/2021,49.88,2381093,50.55,50.6089,49.49
04/27/2021,51.31,2048760,52.00,52.07,50.7303
04/26/2021,51.73,1942559,50.89,51.83,50.85
04/23/2021,50.83,2031524,49.01,51.36,49.00
04/22/2021,48.77,2212090,50.30,50.88,48.05
04/21/2021,50.51,1502272,48.62,50.55,48.32
04/20/2021,49.05,1832789,50.01,50.69,48.18
04/19/2021,50.35,2282600,51.02,51.69,49.435
04/16/2021,51.69,832555,51.92,51.94,51.01
04/15/2021,51.74,1998885,50.534,51.80,50.48
04/14/2021,49.16,1828138,50.70,50.8375,48.85
04/13/2021,50.85,1510414,50.01,50.8997,49.69
04/12/2021,49.48,1640548,49.69,49.87,48.64
04/09/2021,50.11,1466096,48.11,50.15,47.9367
04/08/2021,48.76,2306103,48.00,48.76,47.77
04/07/2021,46.74,1104079,45.83,46.92,45.33
04/06/2021,45.99,1302153,46.27,46.78,45.51
04/05/2021,46.49,2689398,44.68,46.78,44.4045
04/01/2021,43.78,2170714,42.76,43.85,42.60
03/31/2021,41.32,1685890,40.36,42.09,40.30
03/30/2021,39.64,890564,39.81,39.905,38.7521
03/29/2021,40.62,1119336,40.98,41.27,39.71
03/26/2021,41.29,1622655,38.30,41.38,38.28
03/25/2021,38.40,2725571,37.52,38.88,36.87
03/24/2021,38.44,1886686,40.59,40.60,38.44
03/23/2021,39.88,1205591,41.01,41.53,39.57
03/22/2021,40.66,1550104,39.01,41.22,38.95
03/19/2021,38.33,1257341,38.79,39.282,37.83
03/18/2021,38.81,2535619,40.66,40.78,38.60
03/17/2021,42.40,1618023,41.31,43.02,40.44
03/16/2021,42.47,2136639,42.32,43.60,41.8433
03/15/2021,41.49,1307142,40.25,41.53,39.77
03/12/2021,40.20,1383358,39.61,40.20,38.80
03/11/2021,41.04,1633676,40.22,41.78,40.0802
03/10/2021,38.59,2007402,40.37,40.3769,38.47
03/09/2021,39.06,2176112,37.95,39.73,37.78
03/08/2021,35.50,2448135,38.13,38.64,35.35
03/05/2021,38.27,2778899,37.44,38.52,34.60
03/04/2021,36.20,4200747,38.46,39.24,34.75
03/03/2021,38.73,1985233,41.34,41.6878,38.64
03/02/2021,41.86,1208076,44.17,44.24,41.78
03/01/2021,43.914,2269050,42.171,44.078,41.4458
02/26/2021,40.239,2994720,40.71,41.9509,39.088
02/25/2021,39.601,3925270,42.988,43.812,39.00
02/24/2021,44.208,2622550,41.366,44.274,40.3545
02/23/2021,42.266,4683060,40.619,42.982,38.379
02/22/2021,42.644,3043600,43.961,44.366,42.532
02/19/2021,45.585,2185100,46.591,46.654,45.00
02/18/2021,45.872,2179660,44.963,45.989,44.071
02/17/2021,46.478,2057540,46.477,46.7914,45.10
02/16/2021,47.875,1626890,48.781,48.9433,47.451
02/12/2021,48.273,1433360,47.201,48.303,46.80
02/11/2021,47.506,1620490,46.856,47.60,46.442
02/10/2021,45.968,2137760,46.792,46.946,44.8664
02/09/2021,46.186,1154970,45.994,46.873,45.978
02/08/2021,46.387,1509330,45.525,46.419,45.33
02/05/2021,45.00,1632750,45.677,45.70,44.65
02/04/2021,45.211,1406720,44.001,45.263,43.607
02/03/2021,43.284,1739960,44.027,44.20,42.901
02/02/2021,43.668,1655850,43.192,44.017,43.0262
02/01/2021,42.011,2402590,40.399,42.525,39.5503
01/29/2021,39.077,4650890,41.403,41.84,38.3515
01/28/2021,42.078,2392130,42.178,44.0584,41.701
01/27/2021,41.536,3568350,43.18,43.7465,40.334
01/26/2021,44.031,1373910,44.30,44.511,43.50
01/25/2021,43.966,3056540,44.371,44.72,40.767
01/22/2021,42.814,1681370,42.80,43.468,42.648
01/21/2021,43.321,2382860,42.283,43.7348,41.80
01/20/2021,41.748,3009730,40.153,42.111,40.153
01/19/2021,39.418,1583950,38.692,39.569,38.322
01/15/2021,37.945,2253860,38.985,39.4379,37.75
01/14/2021,39.126,2007060,40.439,40.671,38.953
01/13/2021,40.20,1698680,39.561,40.545,39.40
01/12/2021,39.447,2295230,39.89,39.9427,38.29
01/11/2021,39.945,2030600,39.782,40.87,39.5035
01/08/2021,41.017,3202630,40.87,41.328,39.6645
01/07/2021,40.206,3709380,38.34,40.47,38.2909
01/06/2021,37.223,6426700,37.601,39.50,36.9525
01/05/2021,39.384,2531050,38.195,39.4689,38.157
01/04/2021,38.607,4323120,41.144,41.156,37.00
12/31/2020,40.653,1785980,40.436,40.83,39.56
12/30/2020,40.349,1994140,40.87,41.1224,40.201
12/29/2020,40.432,3094310,41.716,41.854,40.25
12/28/2020,41.012,2408400,40.724,41.2505,40.282
12/24/2020,39.70,1251730,39.058,39.952,39.058
12/23/2020,38.83,1740000,40.012,40.012,38.743
12/22/2020,39.804,2475470,39.50,40.345,38.9765
12/21/2020,38.763,3684800,37.267,38.85,36.184
12/18/2020,38.721,2800180,39.315,39.315,37.953
12/17/2020,39.12,2517750,39.00,39.392,38.581
12/16/2020,38.186,2381660,37.627,38.60,37.2331
12/15/2020,37.415,2438290,36.857,37.415,36.125
12/14/2020,35.684,3728640,35.709,36.60,35.579
12/11/2020,35.314,2281110,34.884,35.314,34.085
12/10/2020,35.494,3048190,34.631,36.0015,34.448
12/09/2020,35.491,3692860,37.708,37.9722,35.20
12/08/2020,37.769,1958500,37.26,38.095,36.79
12/07/2020,37.406,1684720,37.066,37.6633,36.94
12/04/2020,37.07,2113100,36.164,37.07,35.875
12/03/2020,35.965,1710070,36.186,36.70,35.731
12/02/2020,36.051,2177730,35.795,36.16,34.9675
12/01/2020,36.328,2744220,35.797,36.792,35.308
11/30/2020,34.918,2639200,34.183,35.00,33.00
11/27/2020,34.227,1960050,34.233,34.594,34.011
11/25/2020,33.638,2643640,33.65,34.0789,33.294
11/24/2020,33.416,2967120,32.419,33.612,31.7773
11/23/2020,32.177,3599840,32.441,33.051,31.311
11/20/2020,32.165,1834160,33.159,33.288,32.117
11/19/2020,33.199,2126160,32.153,33.339,31.741
11/18/2020,32.381,2598050,33.348,33.747,32.3645
11/17/2020,33.50,2010650,33.518,34.014,33.03
11/16/2020,34.081,2974970,33.09,34.20,32.85
11/13/2020,33.083,2588470,32.973,33.2581,32.078
11/12/2020,32.217,3884510,33.1115,33.63,31.80
11/11/2020,33.126,4052620,31.91,33.396,31.7456
11/10/2020,30.917,5290150,31.826,32.59,30.169
11/09/2020,32.854,6849460,35.653,36.603,32.718
11/06/2020,33.509,5187500,32.928,33.822,31.565
11/05/2020,33.253,7364640,32.903,33.44,32.371
11/04/2020,30.37,6843000,29.743,30.965,28.80
11/03/2020,27.238,4405210,26.407,27.82,26.104
11/02/2020,25.799,4290000,26.22,26.83,25.0787
10/30/2020,25.651,6759290,26.331,26.7595,24.6841
10/29/2020,27.471,4339230,26.523,28.371,26.433
10/28/2020,26.134,7374730,28.287,28.3227,26.048
10/27/2020,30.015,2660410,30.00,30.354,29.50
10/26/2020,29.54,5791600,30.599,31.2782,28.4022
10/23/2020,31.599,2424380,31.857,31.857,30.8315
10/22/2020,31.782,4250080,32.22,32.5171,30.616
10/21/2020,32.221,2634530,32.10,33.032,31.962
10/20/2020,32.319,3235770,32.346,33.32,31.75
10/19/2020,32.025,4650880,34.463,34.71,31.669
10/16/2020,33.884,3750030,34.712,35.105,33.8131
10/15/2020,34.138,3631980,32.837,34.3502,32.619
10/14/2020,34.635,3958270,35.532,36.017,33.844
10/13/2020,35.218,4438980,36.283,36.416,34.783
10/12/2020,35.871,5831500,34.744,36.5475,34.121
10/09/2020,33.195,3246170,32.201,33.195,32.15
10/08/2020,31.681,2836210,31.993,32.036,31.381
10/07/2020,31.209,2819950,30.529,31.40,30.50
10/06/2020,29.625,5671790,30.823,31.71,29.30
10/05/2020,31.093,3454060,29.775,31.10,29.699
10/02/2020,29.124,8792690,29.276,30.728,28.792
10/01/2020,31.553,5417520,31.815,31.9693,30.97
09/30/2020,30.583,5292810,29.863,31.497,29.775
09/29/2020,29.839,3222150,30.04,30.371,29.674
09/28/2020,30.15,4880330,30.00,30.15,29.2135
09/25/2020,28.535,6712180,26.698,28.732,26.1417
09/24/2020,26.565,7395540,25.40,27.571,25.3835
09/23/2020,26.183,6705880,28.89,28.961,25.90
09/22/2020,28.915,4947090,28.50,29.0698,27.0701
09/21/2020,27.561,8620610,25.268,27.564,25.151
09/18/2020,26.856,7082830,28.467,28.618,25.86
09/17/2020,28.315,5460980,27.00,28.953,26.901
09/16/2020,29.128,6590760,30.93,30.98,29.0495
09/15/2020,30.528,4207300,31.055,31.135,29.911
09/14/2020,29.616,4174660,29.204,30.0623,28.884
09/11/2020,27.85,6747380,29.384,29.6499,26.786
09/10/2020,28.624,8881520,31.889,32.038,27.9871
09/09/2020,30.532,8723980,29.931,31.46,29.002
09/08/2020,27.938,9099820,28.58,30.803,27.755
09/04/2020,32.25,15182080,33.172,34.578,28.00
09/03/2020,33.619,14163150,38.876,38.876,32.80
09/02/2020,40.755,7374750,41.42,41.42,38.632
09/01/2020,39.738,4004920,38.389,39.7675,37.80
08/31/2020,37.491,3718510,37.599,38.215,36.93
08/28/2020,37.127,3305410,36.66,37.49,36.482
08/27/2020,36.234,4665420,36.521,37.046,35.231
08/26/2020,36.139,4055180,35.052,36.361,34.8794
08/25/2020,34.048,2488130,33.279,34.06,33.146
08/24/2020,33.555,4305280,34.048,34.11,32.7405
08/21/2020,32.607,3425850,31.655,32.76,31.5208
08/20/2020,31.477,2731470,29.924,31.655,29.8269
08/19/2020,30.244,2895500,30.569,31.00,30.128
08/18/2020,30.45,2700510,30.281,30.612,29.624
08/17/2020,30.09,1795160,29.97,30.242,29.894
08/14/2020,29.455,2280050,29.569,29.70,28.977
08/13/2020,29.515,3064620,29.62,30.25,29.22
08/12/2020,29.517,3735690,28.292,29.703,28.1803
08/11/2020,27.562,6274660,28.874,29.2783,27.435
08/10/2020,29.184,5291160,29.645,29.753,28.02
08/07/2020,29.478,6598810,30.457,30.464,28.736
08/06/2020,30.816,3543240,29.50,30.9078,29.333
08/05/2020,29.51,2536890,29.491,29.7717,29.152
08/04/2020,29.269,3204470,28.826,29.269,28.49
08/03/2020,29.008,6120270,28.089,29.284,28.089
07/31/2020,27.093,8064510,26.377,27.093,25.10
07/30/2020,25.134,5342690,24.07,25.1872,23.67
07/29/2020,24.734,3457010,24.045,24.9327,24.001
07/28/2020,23.742,2471540,24.407,24.57,23.666
07/27/2020,24.553,3497870,23.921,24.6475,23.787
07/24/2020,23.502,5421350,23.168,23.9405,22.30
07/23/2020,24.388,7120710,26.046,26.512,24.017
07/22/2020,26.455,3873250,25.887,26.654,25.812
07/21/2020,25.825,6100430,27.19,27.19,25.5245
07/20/2020,26.561,5431420,24.929,26.75,24.52
07/17/2020,24.689,3541770,24.763,24.90,24.07
07/16/2020,24.40,4247040,24.516,24.70,23.785
07/15/2020,25.348,5442590,25.484,25.943,24.421
07/14/2020,24.858,7031380,23.447,24.997,22.75
07/13/2020,24.119,7519840,26.264,26.827,23.876
07/10/2020,25.674,4227710,25.558,25.70,24.785
07/09/2020,25.709,5536550,26.00,26.085,24.609
07/08/2020,25.388,4452070,24.84,25.4113,24.485
07/07/2020,24.294,4413290,24.889,25.697,24.1569
07/06/2020,25.041,5726490,24.604,25.367,24.604
07/02/2020,23.779,4261110,24.011,24.411,23.6392
07/01/2020,23.357,4219520,23.30,23.7804,22.991
06/30/2020,23.289,5141710,22.057,23.52,22.05
06/29/2020,22.049,5100870,21.424,22.049,20.619
06/26/2020,21.438,5657910,22.592,22.6601,21.184
06/25/2020,22.744,4916250,21.949,22.797,21.275
06/24/2020,21.908,6954440,23.161,23.568,21.511
06/23/2020,23.521,5770210,23.635,24.259,23.381
06/22/2020,23.02,6104410,21.858,23.039,21.7402
06/19/2020,21.795,6330560,22.989,23.10,21.441
06/18/2020,22.274,2708150,21.79,22.286,21.666
06/17/2020,21.955,3921040,22.236,22.549,21.811
06/16/2020,21.992,7407940,22.089,22.4785,20.975
06/15/2020,20.589,6140340,18.938,20.891,18.7308
06/12/2020,20.004,9362660,21.023,21.1585,19.025
06/11/2020,19.328,12487160,21.814,22.20,19.299
06/10/2020,23.378,5709170,22.711,23.8327,22.572
06/09/2020,22.204,4107100,21.575,22.524,21.468
06/08/2020,21.927,7762500,21.514,21.927,20.835
06/05/2020,21.548,6495620,20.539,21.746,20.333
06/04/2020,20.00,5009820,20.236,20.6963,19.6693
06/03/2020,20.511,3974790,20.348,20.686,20.0292
06/02/2020,20.05,4527070,19.624,20.05,19.075
06/01/2020,19.492,4369430,19.20,19.6113,18.981
05/29/2020,19.465,5817620,18.957,19.6336,18.511
05/28/2020,18.794,5703000,18.63,19.838,18.622
05/27/2020,18.938,6667070,18.623,18.938,17.4194
05/26/2020,18.668,5844420,19.80,19.829,18.551
05/22/2020,18.666,3397120,18.36,18.71,18.1458
05/21/2020,18.511,5018370,19.226,19.394,18.4365
05/20/2020,19.226,5649630,18.807,19.3639,18.805
05/19/2020,18.076,5708780,18.33,18.9295,18.073
05/18/2020,18.291,7595200,18.00,18.579,17.884
05/15/2020,17.008,6316630,15.959,17.0377,15.85
05/14/2020,16.816,7113740,15.85,16.8336,15.292
05/13/2020,16.151,8833380,17.14,17.472,15.517
05/12/2020,17.043,6991500,18.415,18.5715,17.016
05/11/2020,18.226,7022930,17.478,18.4979,17.345
05/08/2020,17.85,8352040,17.627,17.85,17.2621
05/07/2020,17.13,4590440,17.025,17.35,16.942
05/06/2020,16.342,4926250,16.40,16.80,16.1415
05/05/2020,16.028,6215780,15.892,16.5719,15.80
05/04/2020,15.296,4593870,14.546,15.375,14.336
05/01/2020,14.717,6874680,15.037,15.687,14.587
04/30/2020,16.089,5413040,16.485,16.486,15.7325
04/29/2020,16.325,7369890,15.38,16.4868,15.3105
04/28/2020,14.538,6420130,15.672,15.7195,14.47
04/27/2020,15.162,5312280,15.168,15.287,14.875
04/24/2020,14.72,5219780,14.069,14.759,13.791
04/23/2020,13.883,7601790,14.301,14.746,13.857
04/22/2020,14.172,6137070,13.674,14.363,13.50
04/21/2020,12.706,10147100,13.901,14.0334,12.472
04/20/2020,14.52,6928570,14.717,15.2365,14.492
04/17/2020,15.299,8109370,15.49,15.49,14.644
04/16/2020,14.684,10233760,14.752,14.80,13.991
04/15/2020,14.225,8765720,14.26,14.512,13.85
04/14/2020,15.199,9528570,14.485,15.272,14.219
04/13/2020,13.512,6934890,13.266,13.5319,12.6448
04/09/2020,13.397,9832530,13.943,14.077,13.10
04/08/2020,13.382,8648770,12.916,13.527,12.536
04/07/2020,12.426,13968650,14.20,14.20,12.336
04/06/2020,12.719,11594550,11.433,12.947,11.2711
04/03/2020,10.129,6595180,10.505,10.847,9.7685
04/02/2020,10.6475,8983970,9.851,10.6829,9.731
04/01/2020,9.966,9629470,10.50,11.1338,9.708
03/31/2020,11.624,13246770,12.234,12.8908,11.4226
03/30/2020,12.287,8936790,11.351,12.375,11.251
03/27/2020,10.97,10505220,11.515,12.152,10.90
03/26/2020,12.615,13348100,11.118,12.7292,11.023
03/25/2020,10.64,15254030,11.147,12.169,10.054
03/24/2020,10.70,14187080,9.811,10.752,9.6124
03/23/2020,8.313,14394280,8.568,8.877,7.415
03/20/2020,8.5195,11703170,10.501,10.6607,8.387
03/19/2020,9.718,11381680,9.468,10.774,8.80
03/18/2020,9.844,14796220,8.957,10.25,7.918
03/17/2020,10.877,14456890,10.021,11.352,8.90
03/16/2020,10.021,16496560,10.305,12.899,10.00
03/13/2020,15.698,13073790,13.878,15.698,12.00
03/12/2020,11.584,17269970,12.847,15.451,11.566
03/11/2020,16.415,8368700,17.50,17.90,15.60
03/10/2020,19.04,11075400,18.135,19.0805,16.20
03/09/2020,16.001,10966520,15.793,18.448,15.6001
03/06/2020,20.608,8379660,19.829,20.9685,18.8382
03/05/2020,21.959,7471610,22.30,23.727,21.555
03/04/2020,24.328,5979650,22.968,24.3378,22.0425
03/03/2020,21.465,16914080,24.772,25.2529,20.811
03/02/2020,24.324,16783670,21.858,24.327,20.7305
02/28/2020,20.76,15024060,17.821,21.299,17.80
02/27/2020,20.214,12582380,21.633,23.2635,20.214
02/26/2020,24.134,11725120,24.119,25.741,23.655
02/25/2020,23.894,10345290,27.119,27.3859,23.60
02/24/2020,26.392,9890510,25.681,27.661,25.077
02/21/2020,30.188,8210170,31.844,31.934,29.58
02/20/2020,32.383,5885600,33.202,33.416,31.007
02/19/2020,33.38,3161860,32.916,33.553,32.805
02/18/2020,32.324,4284300,31.859,32.453,31.7401
02/14/2020,32.652,2601140,32.444,32.777,32.10
02/13/2020,32.237,3550760,31.735,32.731,31.5852
02/12/2020,32.478,3110950,32.116,32.50,31.589
02/11/2020,31.491,5619350,32.571,32.6513,31.1701
02/10/2020,31.803,3903450,30.045,31.803,30.00
02/07/2020,30.602,4173850,30.975,31.338,30.3711
02/06/2020,31.432,5093030,30.976,31.44,30.5747
02/05/2020,30.638,8455000,31.63,31.65,29.962
02/04/2020,30.115,6667200,29.267,30.2388,29.129
02/03/2020,27.877,4457620,27.00,28.0824,26.8309
01/31/2020,26.844,6988050,28.776,28.7782,26.529
01/30/2020,29.265,4647420,28.414,29.298,27.991
01/29/2020,28.473,3806010,28.999,29.1077,28.1594
01/28/2020,28.289,4359700,27.492,28.5105,27.2842
01/27/2020,26.798,7073770,26.80,27.407,26.055
01/24/2020,28.832,6067900,29.95,30.0657,28.515
01/23/2020,29.295,3171530,28.913,29.30,28.557
01/22/2020,28.892,3164560,29.152,29.437,28.7813
01/21/2020,28.583,5136630,28.35,29.033,28.30
01/17/2020,28.624,4216410,28.413,28.64,27.967
01/16/2020,28.064,2695030,27.456,28.064,27.376
01/15/2020,26.964,2661130,26.935,27.337,26.676
01/14/2020,26.85,2705720,27.404,27.4119,26.738
01/13/2020,27.366,2761270,26.625,27.366,26.594
01/10/2020,26.30,3124280,26.805,26.90,26.1482
01/09/2020,26.484,2782140,26.30,26.50,25.9316
01/08/2020,25.617,3523320,24.866,25.915,24.75
01/07/2020,24.798,1884930,24.983,25.168,24.6955
01/06/2020,24.886,2176300,23.992,24.907,23.8073
01/03/2020,24.713,3174480,24.504,25.193,24.4176
01/02/2020,25.523,3537070,24.85,25.523,24.7138
12/31/2019,24.175,2128080,23.661,24.262,23.521
12/30/2019,23.998,3199670,24.382,24.382,23.421
12/27/2019,24.433,2077090,24.71,24.716,24.201
12/26/2019,24.403,1594230,23.999,24.407,23.978
12/24/2019,23.899,879430,23.953,23.962,23.7141
12/23/2019,23.877,2152920,23.92,24.026,23.78
12/20/2019,23.626,2909780,23.623,23.761,23.4971
12/19/2019,23.259,1289810,22.852,23.278,22.85
12/18/2019,22.814,1345240,22.838,23.032,22.783
12/17/2019,22.808,1453150,23.096,23.1805,22.712
12/16/2019,22.964,2481410,22.893,23.191,22.862
12/13/2019,22.385,3981670,21.904,22.5129,21.781
12/12/2019,21.943,3982710,21.099,22.0275,20.9425
12/11/2019,21.255,1305890,21.019,21.3026,20.8783
12/10/2019,20.83,1178080,20.895,21.17,20.699
12/09/2019,20.81,1642580,21.035,21.216,20.791
12/06/2019,21.137,2505940,20.938,21.182,20.8694
12/05/2019,20.453,1586810,20.449,20.51,20.1834
12/04/2019,20.246,1636910,20.431,20.432,20.161
12/03/2019,20.037,3185270,19.498,20.037,19.323
12/02/2019,20.573,3441960,21.501,21.538,20.2739
11/29/2019,21.43,1035230,21.478,21.586,21.3671
11/27/2019,21.65,1708150,21.50,21.658,21.322
11/26/2019,21.278,1858260,21.298,21.465,21.20
11/25/2019,21.258,1735750,20.67,21.258,20.6565
11/22/2019,20.403,1908870,20.681,20.7259,20.124
11/21/2019,20.483,1906450,20.675,20.725,20.333
11/20/2019,20.759,3090320,21.015,21.20,20.301
11/19/2019,21.179,1717830,21.315,21.353,20.9377
11/18/2019,21.05,1978220,20.895,21.1326,20.6083
11/15/2019,20.86,1794320,20.80,20.8618,20.616
11/14/2019,20.378,2264260,20.255,20.425,20.0324
11/13/2019,20.464,1499920,20.104,20.493,20.073
11/12/2019,20.289,1981980,20.199,20.537,20.0696
11/11/2019,20.117,987890,19.725,20.195,19.68
11/08/2019,20.0808,1863170,19.627,20.0808,19.388
11/07/2019,19.751,3295180,19.705,20.09,19.6111
11/06/2019,19.336,1730500,19.357,19.362,19.0202
11/05/2019,19.318,1782590,19.57,19.57,19.143
11/04/2019,19.399,2666730,19.562,19.577,19.30
11/01/2019,19.099,3724680,18.698,19.099,18.564
10/31/2019,18.452,2693800,18.591,18.632,18.108
10/30/2019,18.50,2194460,18.314,18.543,17.971
10/29/2019,18.151,2329930,18.62,18.73,18.14
10/28/2019,18.661,2899970,18.427,18.704,18.427
10/25/2019,17.982,3128320,17.341,18.0524,17.308
10/24/2019,17.37,2635660,17.136,17.41,17.0001
10/23/2019,16.667,1929720,16.484,16.667,16.349
10/22/2019,16.62,2576690,17.40,17.5782,16.575
10/21/2019,17.331,1858110,17.083,17.331,16.885
10/18/2019,16.761,2450120,17.219,17.263,16.45
10/17/2019,17.269,2788230,17.606,17.7094,16.994
10/16/2019,17.409,2184820,17.544,17.544,17.184
10/15/2019,17.761,2240820,17.384,17.8651,17.3565
10/14/2019,17.196,2100160,17.154,17.40,17.1453
10/11/2019,17.203,6165940,17.152,17.653,17.065
10/10/2019,16.525,2725220,16.15,16.7252,16.1036
10/09/2019,16.214,2411170,16.028,16.38,15.9422
10/08/2019,15.548,3800460,16.122,16.238,15.547
10/07/2019,16.429,2725820,16.489,16.832,16.364
10/04/2019,16.644,3588640,16.158,16.692,16.15
10/03/2019,15.863,3846170,15.257,15.882,14.7229
10/02/2019,15.294,5578850,15.894,15.901,14.962
10/01/2019,16.235,3331430,16.902,17.2485,16.206
09/30/2019,16.679,1864950,16.361,16.8034,16.326
09/27/2019,16.18,3385620,16.919,16.9569,15.812
09/26/2019,16.837,2369390,16.793,17.025,16.489
09/25/2019,16.80,2482480,16.178,16.947,15.7251
09/24/2019,16.221,4665900,17.046,17.24,16.035
09/23/2019,16.739,962520,16.543,16.894,16.50
09/20/2019,16.60,2639230,17.369,17.398,16.4906
09/19/2019,17.219,2729970,17.234,17.64,17.1222
09/18/2019,17.111,2492920,17.025,17.1116,16.38
09/17/2019,17.075,918810,16.906,17.08,16.821
09/16/2019,16.90,1205670,16.60,16.989,16.564
09/13/2019,17.018,2444630,17.314,17.314,16.9757
09/12/2019,17.391,3639240,17.426,17.80,17.19
09/11/2019,17.119,2599370,16.82,17.138,16.672
09/10/2019,16.617,2570860,16.601,16.6433,16.039
09/09/2019,16.892,2904120,17.497,17.517,16.60
09/06/2019,17.259,2060630,17.431,17.4376,17.127
09/05/2019,17.35,3886120,16.929,17.517,16.9257
09/04/2019,16.315,2186750,16.022,16.315,15.952
09/03/2019,15.515,4192620,15.693,15.8699,15.3317
08/30/2019,16.076,3048000,16.426,16.4773,15.7551
08/29/2019,16.116,3727580,15.937,16.2549,15.772
08/28/2019,15.318,1701440,15.032,15.3913,14.705
08/27/2019,15.279,2982270,15.674,15.748,15.0375
08/26/2019,15.357,4305400,15.302,15.375,14.982
08/23/2019,14.771,6720380,16.107,16.56,14.556
08/22/2019,16.371,2607500,16.59,16.725,15.95
08/21/2019,16.48,2206070,16.413,16.62,16.30
08/20/2019,15.96,2026930,16.11,16.357,15.926
08/19/2019,16.192,2526640,16.212,16.338,15.937
08/16/2019,15.473,2820600,15.174,15.57,15.0915
08/15/2019,14.674,3122420,14.829,14.90,14.288
08/14/2019,14.756,5906580,15.327,15.553,14.6199
08/13/2019,16.218,6392330,15.042,16.40,14.982
08/12/2019,15.097,3016270,15.416,15.562,14.8851
08/09/2019,15.716,4707220,15.999,16.137,15.3612
08/08/2019,16.30,4089870,15.556,16.30,15.45
08/07/2019,15.203,4958150,14.374,15.3012,14.153
08/06/2019,14.928,5462530,14.79,15.0512,14.431
08/05/2019,14.21,6850440,14.894,15.019,13.8307
08/02/2019,16.188,5135350,16.694,16.694,15.774
08/01/2019,17.097,6670430,17.403,18.519,16.831
07/31/2019,17.339,5907330,18.506,18.515,16.769
07/30/2019,18.177,1883380,18.134,18.40,18.0465
07/29/2019,18.561,1612640,18.57,18.636,18.1056
07/26/2019,18.585,1857380,18.486,18.671,18.4619
07/25/2019,18.257,2104550,18.582,18.582,18.16
07/24/2019,18.71,2146170,18.142,18.71,18.076
07/23/2019,18.24,2291110,18.273,18.289,17.855
07/22/2019,17.972,2901710,17.517,18.07,17.517
07/19/2019,17.322,3758870,18.00,18.091,17.307
07/18/2019,17.621,1944060,17.128,17.678,17.0161
07/17/2019,17.226,1381940,17.441,17.5622,17.215
07/16/2019,17.352,2851070,17.825,17.825,17.258
07/15/2019,17.844,1206520,17.819,17.947,17.7121
07/12/2019,17.704,2472790,17.461,17.716,17.3696
07/11/2019,17.314,2493260,17.243,17.50,17.14
07/10/2019,17.113,2562610,16.992,17.414,16.989
07/09/2019,16.728,1710780,16.289,16.766,16.241
07/08/2019,16.566,2274360,16.564,16.6029,16.318
07/05/2019,16.976,2425900,16.688,17.036,16.4419
07/03/2019,17.036,1821950,16.801,17.036,16.70
07/02/2019,16.70,1462280,16.493,16.70,16.41
07/01/2019,16.575,3564640,16.886,16.925,16.3495
06/28/2019,15.858,2166620,15.95,15.9794,15.65
06/27/2019,15.805,1488100,15.837,15.971,15.711
06/26/2019,15.689,2153470,15.652,16.008,15.6338
06/25/2019,15.203,4365820,16.053,16.217,15.143
06/24/2019,16.095,1559720,16.102,16.246,16.033
06/21/2019,16.006,1989560,16.11,16.417,15.984
06/20/2019,16.234,4130830,16.283,16.3878,15.844
06/19/2019,15.576,3255770,15.528,15.675,15.234
06/18/2019,15.397,3453750,15.068,15.60,14.9286
06/17/2019,14.636,1399070,14.618,14.8095,14.5114
06/14/2019,14.558,2307090,14.564,14.71,14.38
06/13/2019,14.966,2320540,15.012,15.1245,14.802
06/12/2019,14.839,2298940,14.897,14.984,14.731
06/11/2019,15.104,3972330,15.574,15.603,14.85
06/10/2019,15.079,4393530,14.961,15.5135,14.961
06/07/2019,14.645,4129590,14.094,14.90,14.01
06/06/2019,13.886,2920970,13.489,13.9526,13.3336
06/05/2019,13.441,3458730,13.399,13.5065,12.983
06/04/2019,12.899,4252800,12.171,12.91,12.011
06/03/2019,11.731,5127560,12.442,12.66,11.488
05/31/2019,12.399,3661670,12.552,12.75,12.379
05/30/2019,13.042,2646340,12.923,13.1225,12.788
05/29/2019,12.806,3382910,12.767,13.0007,12.556
05/28/2019,13.033,2342780,13.274,13.545,13.03
05/24/2019,13.184,2565790,13.39,13.5681,13.1251
05/23/2019,13.172,4659250,13.325,13.35,12.867
05/22/2019,13.898,1506580,13.846,14.155,13.825
05/21/2019,14.118,2405480,14.05,14.25,13.962
05/20/2019,13.629,3693340,13.674,13.962,13.4089
05/17/2019,14.395,3698500,14.299,14.9641,14.297
05/16/2019,14.779,4015460,14.39,15.052,14.3004
05/15/2019,14.33,4018230,13.588,14.467,13.524
05/14/2019,13.913,4607140,13.482,14.145,13.462
05/13/2019,13.27,6007420,13.684,13.946,13.142
05/10/2019,14.952,5292020,14.60,15.155,13.895
05/09/2019,14.83,4854100,14.575,14.953,14.0626
05/08/2019,15.136,3934070,15.019,15.525,14.977
05/07/2019,15.1947,5147110,15.663,15.84,14.756
05/06/2019,16.263,4468320,15.40,16.3122,15.2242
05/03/2019,16.636,2029620,16.419,16.665,16.282
05/02/2019,16.179,4488100,16.40,16.77,15.922
05/01/2019,16.457,3457830,17.028,17.19,16.444
04/30/2019,16.583,2220150,16.45,16.6271,16.183
04/29/2019,16.483,1596440,16.50,16.644,16.45
04/26/2019,16.474,3050960,16.388,16.49,15.9631
04/25/2019,16.655,2539160,16.953,17.075,16.409
04/24/2019,16.705,2022300,16.724,16.924,16.632
04/23/2019,16.692,2444510,16.24,16.724,16.1806
04/22/2019,16.144,1638370,15.817,16.1617,15.763
04/18/2019,16.038,2524200,16.00,16.05,15.692
04/17/2019,15.91,2426600,15.925,15.964,15.69
04/16/2019,15.661,2246540,15.598,15.702,15.446
04/15/2019,15.437,1873090,15.471,15.55,15.184
04/12/2019,15.439,1651300,15.377,15.439,15.137
04/11/2019,15.138,1681250,15.30,15.30,15.05
04/10/2019,15.213,2047350,14.923,15.213,14.911
04/09/2019,14.897,2111750,14.92,15.073,14.789
04/08/2019,15.117,1520590,14.835,15.125,14.638
04/05/2019,14.938,1652560,14.888,14.9813,14.805
04/04/2019,14.759,2863220,14.938,15.0299,14.50
04/03/2019,14.934,3601440,14.847,15.15,14.75
04/02/2019,14.585,1580980,14.471,14.634,14.341
04/01/2019,14.432,2531120,14.257,14.48,14.05
03/29/2019,13.863,2212480,13.802,13.876,13.6136
03/28/2019,13.489,1474320,13.433,13.635,13.235
03/27/2019,13.342,2445280,13.622,13.7471,12.975
03/26/2019,13.563,2229000,13.681,13.929,13.315
03/25/2019,13.346,4191070,13.40,13.599,13.079
03/22/2019,13.499,5804610,14.307,14.4925,13.493
03/21/2019,14.563,3534670,13.57,14.631,13.5554
03/20/2019,13.522,3565090,13.608,13.8625,13.289
03/19/2019,13.66,3002420,13.74,13.843,13.491
03/18/2019,13.60,3344940,13.508,13.707,13.358
03/15/2019,13.435,2951490,13.071,13.6085,13.071
03/14/2019,12.97,1618280,12.98,13.077,12.857
03/13/2019,12.899,3134970,12.82,13.1152,12.775
03/12/2019,12.646,2713370,12.54,12.769,12.4346
03/11/2019,12.439,2842870,11.827,12.4599,11.827
03/08/2019,11.677,3162890,11.253,11.70,11.174
03/07/2019,11.692,3571180,11.913,11.951,11.572
03/06/2019,12.031,1313110,12.204,12.238,11.988
03/05/2019,12.231,997940,12.318,12.32,12.116
03/04/2019,12.352,3976340,12.662,12.734,11.939
03/01/2019,12.48,2915450,12.505,12.57,12.191
02/28/2019,12.25,1586010,12.215,12.375,12.155
02/27/2019,12.356,1798630,12.273,12.392,11.974
02/26/2019,12.39,2194900,12.211,12.492,12.18
02/25/2019,12.318,3254320,12.437,12.5595,12.2893
02/22/2019,12.13,2736070,11.878,12.155,11.8762
02/21/2019,11.701,2662610,11.61,11.833,11.4825
02/20/2019,11.674,2555820,11.698,11.825,11.50
02/19/2019,11.649,2586310,11.535,11.7475,11.5245
02/15/2019,11.623,3332120,11.613,11.67,11.437
02/14/2019,11.362,2190100,11.237,11.48,11.165
02/13/2019,11.323,2862470,11.448,11.55,11.297
02/12/2019,11.283,2622180,11.059,11.312,11.0172
02/11/2019,10.844,1974290,10.964,11.0552,10.773
02/08/2019,10.856,3386610,10.382,10.856,10.363
02/07/2019,10.679,4246680,10.856,10.9755,10.47
02/06/2019,11.15,2763260,11.092,11.225,10.938
02/05/2019,11.045,2757400,10.879,11.114,10.87
02/04/2019,10.774,2591780,10.30,10.774,10.30
02/01/2019,10.279,1904530,10.096,10.433,10.036
01/31/2019,10.092,3421060,9.99,10.268,9.888
01/30/2019,10.137,4993240,9.743,10.2075,9.606
01/29/2019,9.293,2182890,9.602,9.634,9.234
01/28/2019,9.585,2201540,9.532,9.588,9.334
01/25/2019,9.999,3196030,9.792,10.064,9.698
01/24/2019,9.591,1899130,9.446,9.688,9.438
01/23/2019,9.349,3212810,9.35,9.561,9.045
01/22/2019,9.249,6779740,9.54,9.55,9.031
01/18/2019,9.751,4572210,9.569,9.8098,9.42
01/17/2019,9.333,2025860,9.045,9.481,8.982
01/16/2019,9.147,3653940,9.178,9.327,9.115
01/15/2019,9.132,2575680,8.804,9.1849,8.79
01/14/2019,8.75,1657410,8.742,8.824,8.647
01/11/2019,8.995,2079720,8.891,9.007,8.8289
01/10/2019,9.038,4213740,8.751,9.053,8.598
01/09/2019,8.92,3745230,8.708,9.06,8.7053
01/08/2019,8.61,4166970,8.637,8.7111,8.30
01/07/2019,8.385,4386120,8.19,8.553,8.114
01/04/2019,8.171,6693430,7.629,8.26,7.539
01/03/2019,7.251,7892190,7.836,7.93,7.24
01/02/2019,8.503,4212370,8.00,8.652,7.9171
12/31/2018,8.50,8018670,8.481,8.584,8.2811
12/28/2018,8.269,6791350,8.503,8.678,8.046
12/27/2018,8.349,7253010,7.806,8.349,7.35
12/26/2018,8.125,10825220,7.06,8.1374,6.924
12/24/2018,6.896,5106960,7.277,7.558,6.896
12/21/2018,7.482,10663910,8.293,8.5514,7.393
12/20/2018,8.272,8828740,8.616,8.877,7.896
12/19/2018,8.752,7678870,9.262,9.747,8.438
12/18/2018,9.29,3777410,9.321,9.525,9.071
12/17/2018,9.084,6235560,9.587,9.781,8.848
12/14/2018,9.693,3392290,10.10,10.25,9.6658
12/13/2018,10.466,2850860,10.59,10.799,10.296
